<?xml version="1.0" encoding="UTF-8"?>
<project-private xmlns="http://www.netbeans.org/ns/project-private/1">
    <editor-bookmarks xmlns="http://www.netbeans.org/ns/editor-bookmarks/2" lastBookmarkId="0"/>
    <open-files xmlns="http://www.netbeans.org/ns/projectui-open-files/2">
        <group>
            <file>file:/C:/Users/ASUS/Downloads/A22063_Assignment3_SQL/A22063_Assignment3/src/java/com/models/Orderdetails.java</file>
            <file>file:/C:/Users/ASUS/Downloads/A22063_Assignment3_SQL/A22063_Assignment3/web/WEB-INF/dispatcher-servlet.xml</file>
            <file>file:/C:/Users/ASUS/Downloads/A22063_Assignment3_SQL/A22063_Assignment3/src/java/com/models/GiftDAOImpl.java</file>
            <file>file:/C:/Users/ASUS/Downloads/A22063_Assignment3_SQL/A22063_Assignment3/src/java/com/models/GiftDAO.java</file>
            <file>file:/C:/Users/ASUS/Downloads/A22063_Assignment3_SQL/A22063_Assignment3/src/java/com/models/CartItem.java</file>
            <file>file:/C:/Users/ASUS/Downloads/A22063_Assignment3_SQL/A22063_Assignment3/web/WEB-INF/glassfish-web.xml</file>
            <file>file:/C:/Users/ASUS/Downloads/A22063_Assignment3_SQL/A22063_Assignment3/web/WEB-INF/jdbc.properties</file>
            <file>file:/C:/Users/ASUS/Downloads/A22063_Assignment3_SQL/A22063_Assignment3/src/java/com/models/OrdersDAOImpl.java</file>
            <file>file:/C:/Users/ASUS/Downloads/A22063_Assignment3_SQL/A22063_Assignment3/web/WEB-INF/applicationContext.xml</file>
            <file>file:/C:/Users/ASUS/Downloads/A22063_Assignment3_SQL/A22063_Assignment3/src/java/com/models/OrdersDAO.java</file>
            <file>file:/C:/Users/ASUS/Downloads/A22063_Assignment3_SQL/A22063_Assignment3/src/java/com/models/Orders.java</file>
            <file>file:/C:/Users/ASUS/Downloads/A22063_Assignment3_SQL/A22063_Assignment3/src/java/com/models/Cart.java</file>
            <file>file:/C:/Users/ASUS/Downloads/A22063_Assignment3_SQL/A22063_Assignment3/src/java/com/models/Gift.java</file>
            <file>file:/C:/Users/ASUS/Downloads/A22063_Assignment3_SQL/A22063_Assignment3/src/java/com/controllers/GiftController.java</file>
        </group>
    </open-files>
</project-private>
